Model Name,Accuracy,Recall,Precision,f1 score
logistic,0.8210666666666666,0.6319444444444444,0.7466666666666667,0.6845322049835448
random_forest,0.9552,0.8776041666666666,0.9739884393063584,0.9232876712328767
XGBoost,0.9808,0.9513888888888888,0.9856115107913669,0.9681978798586571
SVM,0.912,0.8420138888888888,0.8676207513416816,0.8546255506607929
